<?xml version="1.0" encoding="UTF-8"?>
<project-private xmlns="http://www.netbeans.org/ns/project-private/1">
    <editor-bookmarks xmlns="http://www.netbeans.org/ns/editor-bookmarks/2" lastBookmarkId="0"/>
    <open-files xmlns="http://www.netbeans.org/ns/projectui-open-files/2">
        <group>
            <file>file:/C:/Users/Vinicius/Documents/semestre%206/devweb/MP2/MiniProjeto2/src/java/controller/ServletMultiplo.java</file>
            <file>file:/C:/Users/Vinicius/Documents/semestre%206/devweb/MP2/MiniProjeto2/src/java/database/CriaDao.java</file>
            <file>file:/C:/Users/Vinicius/Documents/semestre%206/devweb/MP2/MiniProjeto2/src/java/model/Lanche.java</file>
            <file>file:/C:/Users/Vinicius/Documents/semestre%206/devweb/MP2/MiniProjeto2/web/criarPedido.jsp</file>
            <file>file:/C:/Users/Vinicius/Documents/semestre%206/devweb/MP2/MiniProjeto2/web/index.html</file>
            <file>file:/C:/Users/Vinicius/Documents/semestre%206/devweb/MP2/MiniProjeto2/web/sucesso.html</file>
            <file>file:/C:/Users/Vinicius/Documents/semestre%206/devweb/MP2/MiniProjeto2/web/listarPedidos.jsp</file>
            <file>file:/C:/Users/Vinicius/Documents/semestre%206/devweb/MP2/MiniProjeto2/src/java/database/VisualizaDao.java</file>
            <file>file:/C:/Users/Vinicius/Documents/semestre%206/devweb/MP2/MiniProjeto2/src/java/model/Pedido.java</file>
            <file>file:/C:/Users/Vinicius/Documents/semestre%206/devweb/MP2/MiniProjeto2/src/java/model/LanchePedido.java</file>
        </group>
    </open-files>
</project-private>
